,0
0,44646468.0
1,9100000.0
2,1137791.0
3,10050000.0
4,324844523.3832683
5,500000.0
6,1428145244.0
7,1908269514.0
8,91628246.0
9,3534074.0
10,100100000.0
11,1137787.0
12,77000000.0
13,1000.0
14,8100000.0
15,1142809.0
16,9000000.0
17,38838426.0
18,79000000.0
19,1000000.0
20,308000000.0
21,47050000.0
22,41927506.0
23,140000000.0
24,551651804.0
25,5381853.0
26,366798741.0
27,1137418.0
28,884592279.5509814
29,4850000.0
30,100004.00059688708
31,101999999.00509731
32,100000.0
33,112264619.0
34,5057185.0
35,127010951.9895128
36,117412053.0
37,1020000.0
38,5900000.0
39,0.5686845140215383
40,1142493.0
41,122300000.0
42,90000.0
43,303010000.0
44,1137403.0
45,1135317.0
46,215747181.0
47,294326734.0
48,3023235306.338251
49,1017987114.0
50,308856603.02109146
51,106992500.0
52,242393127.0
53,1137791.0
54,232017777.0
55,600000000.0
56,10050000.0
57,200000000.0
58,190677272.0
59,255721560.02571318
60,105880314.0
61,124821161.37040213
62,100200000.0
63,509738444.0
64,22880000.0
65,12000100.009851985
66,430494950.0001
67,161697941.0
68,9020000.0
69,5422575175.0
70,14000000.0
71,121074999.0
72,88000000.0
73,100004.00059688708
74,540000000.0
75,1574568414.0
76,100004.00059688708
77,494351682.0
78,64470000.0
79,1010000.0
80,860000001.0315787
81,5352340532.0
82,500050.004918108
83,105921821.0
84,3150000000.0
85,49093049.0
86,3950102088.0
87,1020000.0
88,1135139.0
89,121011695.0
90,2200000.0
91,170000000.0
92,1175572631.0739598
93,53687934.00213006
94,19626987.0
95,1000000.0
96,170017001.67445013
97,201799999.00191855
98,1020102.0100748006
99,105300000.0
100,426076647.32529515
101,1020000.0
102,25000000.0
103,1000000.0
104,3000000.0
105,500000000.0
106,400238017.0
107,652201234.0
108,13150225.022200985
109,1142492.0
110,1020408.1018196548
111,2488247652.8921356
112,105000000.0
113,100004.00059688708
114,121702600.50741382
115,500000.0
116,2000000.0
117,100004.00059688708
118,0.019189468536721547
119,152500.0
120,1020000.0
121,122790519.0
122,115324966.0
123,1040000.0
124,138978197.66707462
125,8861722.0
126,1040000.0
127,737525631.023042
128,96500000.0
129,90000.0
130,58000000.0
131,23652803.0
132,39995481.0
133,100500000.0
134,10066940.081716683
135,1087742500.0
136,225935250.0
137,100890688.0
138,1372501356.0027509
139,1248035003.3510795
140,120485629.00383472
141,15890584.0
142,585006800.6517401
143,130.0
144,240788686.424854
145,5700000.0
146,47808999.00173969
147,500000.0
148,66511436.0026334
149,146837930.0001784
150,1030103.0101259343
151,100004.00059688708
152,20000000.0
153,130000.0
154,6200000.0
155,348040161.0
156,27200000.0
157,100002.0001990011
158,1000000.0
159,22002500.0
160,202945929.0
161,51300000.0
162,1020000.0
163,340000.0
164,56881257.0
165,1116750000.0
166,27305112.00040354
167,10050000.0
168,11000000.0
169,3000000.0
170,112880122.0
171,10000000.0
172,20914881.0
173,210819002.9938483
174,1040416.1038161187
175,106776231.0
176,22222644.0
177,22500005.0
178,360259272.0180382
179,214423693.0
180,100002.0001975451
181,42060474.986013725
182,1135500.0
183,89100000.0
184,50300455.044941515
185,5000000.0
186,53000300.02975731
187,1004024392.0
188,1000000.0
189,16625575058.978281
190,100070000.0
191,103780308.0
192,68450000.0
193,145315656.0
194,102809278.0
195,102300023.0
196,151781489.02036238
197,185904159.0
198,1000000.0
199,2000000.0
200,56446466.0
201,2500000.0
202,63000000.0
203,1030000.0
204,1000000.0
205,2159462.333869569
206,190920293.0
207,102608602.1461986
208,707153291.0
209,1142809.0
210,103500000.0
211,2500.0
212,36004997.0
213,1020000.0
214,1040104.0102723457
215,1768779840.7815418
216,878287633.0
217,1161919902.006704
218,26000170.016878
219,114000000.0
220,389014977.0
221,30000000.0
222,100004.00059688708
223,50486250.0
224,700000000.0
225,150254419.00242898
226,100000000.0
227,2524726449.0
228,20500000.0
229,458185534.0
230,129300000.0
231,537119383.0
232,475472500.0067418
233,22500200.019905843
234,17039128.0
235,340100000.0
236,1040416.1038161187
237,31503698.0
238,625221085.102424
239,355000000.0
240,12360000.0
241,100004.00059688708
242,1040104.0102723457
243,116394399.0
244,111100000.0
245,29001200.117418315
246,104570707.0
247,191000000.0
248,100624728.0
249,71988000.62897705
250,1137418.0
251,327703312.0
252,221293453.06155372
253,263000000.0
254,2500000000.0
255,401855031.0
256,1100.0
257,1864421170.0
258,35839368.0
259,1010000.0
260,15500000.0
261,1140440.0
262,30841386.0
263,1144093.0
264,718221250.389035
265,218768260.0
266,4600747.0
267,14710000.0
268,35000000.0
269,81108303.0
270,843854909.0
271,340884857.0
272,100004.00059688708
273,1166803.0
274,400000.0
275,100004.00059688708
276,173500000.0
277,2156000.0
278,400000.0
279,430016997.96819186
280,58192500.0
281,18220576.08836715
282,120112832.33148696
283,246075656.56480578
284,106000000.0
285,3030914.0
286,77231397.0
287,1030000200.019926
288,159650324.60575122
289,116282063.0
290,1000000.0
291,101670051.00506064
292,1052000000.0
293,1675538287.0
294,20000000.0
295,548021002.0600545
296,230402040.20001164
297,121757835.0
298,110000000.0
299,24400330.03276551
300,126669640.00332154
301,327755799.0
302,205000000.0
303,20804999.0
304,8315163.0
305,250027000.76862442
306,215000000.0
307,152479883.3092289
308,10000000.0
309,1020000.0
310,102000000.0
311,1758000000.0
312,50405527.10584783
313,1040000.0
314,137893727.0
315,155350000.0
316,167359190.0
317,230550000.0
318,209000000.0092691
319,70000.0
320,28644700.0
321,504818146.0
322,66500000.0
323,1135140.0
324,1040000.0
325,10600915.0
326,508708272.024076
327,200000000.0
328,32101051.0
329,214355221.52929145
330,295350000.0
331,58393828.0
332,1040000.0
333,200000000.0
334,330000.0
335,1021000.0
336,19151840.00978781
337,15800000.0
338,1135139.0
339,357470805.35328835
340,101377871.0
341,28892333.0
342,399904062.0
343,1040000.0
344,1000050736.0189492
345,1140092.0
346,0.006901699922800586
347,1116206724.0361533
348,1040416.1038161187
349,1840079595.0
350,5390485.0
351,50000000.0
352,100200000.0
353,250064502.00023165
354,23762751.00015927
355,34471319.93748884
356,139268155.0
357,105807041.84687725
358,15302473087.371744
359,219350532.0
360,115000000.0
361,220551309.0
362,60265193.0
363,22600000.0
364,792000000.0
365,170068016.97009346
366,10000000.0
367,20002001623.0
368,15934473.0
369,20000000.0
370,323006700.690172
371,178000000.0
372,2000200.0198002674
373,11300300.029535532
374,274128009.0
375,2385318.0
376,5800580.056026876
377,6979652.0
378,50330503.0
379,51412946.28516097
380,116000300.02940412
381,1120402360.0333343
382,1144095.0
383,1140439.0
384,1137791.0
385,4653695.0
386,75938318.0
387,10101.010098864337
388,106054001.3898273
389,2200000000.0
390,17279125.0
391,1144092.0
392,1020102.0100276243
393,39058066.67021653
394,13911085.0
395,1040000.0
396,63791147.0
397,67293255.31385125
398,145649414.0
399,100000000.0
400,111065120.0
401,27207499.053615637
402,103683868.0
403,219248132.0
404,101000000.0
405,365312009.0084594
406,646893010.0
407,1137403.0
408,323872679.0
409,6110010.0
410,4776637.662585607
411,1040000.0
412,7056571.0
413,203055149.4038286
414,1137790.0
415,30185339.52859283
416,101105010.49414057
417,10071007.09856324
418,1138183.0
419,15000000.0
420,81500000.0
421,100005500.53805195
422,243000000.0
423,286000000.0
424,100004.00059688708
425,105000000.0
426,76000000.0
427,2000000.0
428,190000.0
429,2100944772.2561467
430,0.000253000071578659
431,1040416.1038161187
432,1030000.0
433,2390000.0
434,3400000000.0
435,100004.00059688708
436,161609660.12287974
437,58600000.0
438,104391145.51378614
439,184775918.0
440,396000000.0
441,102853317.0
442,93342959.0
443,1000719512.0
444,2000000.0
445,117545300.51802742
446,1140439.0
447,81690465.0
448,1137401.0
449,10000000.0
450,1000000.0
451,1040000.0
452,427569999.0122396
453,10000.0
454,170000000.0
455,116000000.0
456,606790548.0472752
457,224473.0
458,217052366.23585263
459,1137790.0
460,188800000.0
461,272790201.0
462,307999973.0
463,93136976.0
464,1105999999.0162425
465,27500000.0
466,1040000.0
467,1900000.0
468,299862643.0
469,21200000.0
470,0.0017301239752340251
471,3893078.0
472,100773529.25573564
473,1137401.0
474,223200000.0
475,290608000.78284734
476,10553319767.0
477,35248134.0
478,1100.0
479,10050000.0
480,110511766.0
481,41710040688.223694
482,280692618.1709506
483,220001849.06878608
484,1144093.0
485,84905367.0
486,189000000.0
487,293426196.0
488,123608906.0
489,4682400.0
490,23423403.0
491,5017000000.0
492,48000000.0
493,20467810.0
494,120000.0
495,100000.0
496,450000000.0
497,2717151.0
498,130486352.0
499,1322500000.0
500,1020102.0100748006
501,100004.00059688708
502,32891843.0
503,251871559.0
504,0.001879478149414401
505,31794447.00063538
506,45590099.00106708
507,147982387.0
508,111167915.0
509,1135500.0
510,39021910.0
511,150486250.0
512,1137789.0
513,5288074.0
514,5497676.0
515,108814000.9485761
516,40900000.0
517,228687354.44102725
518,110101801.0
519,64793281.26693801
520,1020102.0100748006
521,106747754.0
522,190274115.0
523,367100000.0038165
524,1137789.0
525,80500000.0
526,531780000.0
527,1020408.1018196548
528,47001000.095868185
529,8500.85008227503
530,10101010.09990646
531,4100.0
532,172000000.0
533,1000100.0099522731
534,24479923.0
535,20388702.0
536,220839313.0
537,1040416.1038161187
538,50131469.60827047
539,41000000.0
540,394646520.0
541,18300000.0
542,7655178.0
543,1141142.0
544,24093307.0
545,254288130.0
546,0.000289023787076517
547,104527179.20609154
548,1141142.0
549,15449000000.0
550,213100836.0
551,64965930.0
552,618006042.5786655
553,1140093.0
554,103500000.0
555,42046692.0
556,1023411523.0
557,1137403.0
558,51850339.0
559,106809422.0
560,532704338.0
561,51101000.0
562,168016801.6547507
563,10000000.0
564,100002.0001990011
565,224109297.0
566,1004000000.0
567,137241967.0
568,293261016.0
569,1040000.0
570,1137789.0
571,100.0
572,100004.00059688708
573,707000000.0
574,4992500.0
575,11002847.0
576,433600000.0
577,108009800.95443666
578,135778350.0
579,1056304.0
580,100004.00059688708
581,13000000.0
582,1700000.0
583,100004.00059688708
584,415500000.0145212
585,950222430.0
586,11770000000.03302
587,14999799.002903538
588,55095643.0
589,14000000.0
590,1040000.0
591,2951000002.0411706
592,1140088.0
593,1137403.0
594,17648197.0
595,1040000.0
596,7633000000.0
597,1141142.0
598,12002891.002488336
599,15000000.0
600,103000000.0
601,1057000000.0
602,161816495.00544292
603,77200000.0
604,457183121.0
605,74855083.00368464
606,100000.0
607,8705676693.0
608,175040328.0
609,110715778.00109968
610,151520103.01007992
611,320000000.4802377
612,4982365508.124741
613,1153509163.9769208
614,194775794.1987898
615,7500000.0
616,1020000.0
617,1137419.0
618,100005000.48337391
619,1050000.0
620,109266674.0
621,337005000.4966724
622,1040000000.0
623,59750155.01516885
624,39401180000.0
625,100004.00059688708
626,101700000.0
627,1020000.0
628,1013000000.0
629,258176310.0
630,836641498.0
631,123567425.0
632,41212241.0
633,13771681.054749535
634,1138181.0
635,50086250.0
636,6146396.0
637,101004000.44567513
638,109000000.0
639,9951410.0
640,1184708889.0477908
641,32981217.0
642,28000000.0
643,50000000.0
644,100004.00059688708
645,236200000.0
646,170564239.0
647,28288441.0
648,233816350.7508153
649,189146665.0
650,4184859.0
651,77900000.0
652,213000000.0
653,1137403.0
654,240768696.0
655,23300000.0
656,221590950.09221712
657,5600000.0
658,318472864.0
659,506288034.0
660,725000025.0
661,79397910.64522445
662,1040000.0
663,1040000.0
664,0.000438991920566602
665,8143000000.0
666,931950837.0
667,103006701.2274143
668,28962799.0
669,76900000.0
670,100200000.0
671,1000.1000098519839
672,1036645185.0057015
673,351848908.0
674,1020102.0100748006
675,1142810.0
676,100004.00059688708
677,450000.0
678,100000.0
679,149285000.0
680,26002600.253981315
681,10000000.0
682,100006.00079443218
683,552761682.0
684,170017001.67445013
685,386735865.0
686,6000000.0
687,320000.0
688,2521146458.0
689,11825063.0
690,223320097.0
691,53930158.0
692,143450000.0
693,112268239.0
694,142993856.0
695,38360000.0
696,416227397.0
697,206957345.22694996
698,1530190.0
699,100004.00059688708
700,11999600.034272674
701,405468258.0002638
702,24100000.0
703,1082711971.3286169
704,30397787.0
705,504815158.0
706,22099999.00006925
707,100004.00059688708
708,1135499.0
709,34320000.0
710,214249830.285244
711,11562943.0
712,264149857.0
713,467862587.0
714,303423787.0
715,1581886839.0
716,86824947.0
717,10000000.0
718,600000000.0
719,201000000.0
720,1011000.0
721,1000000.0
722,20000000.0
723,2000000.0
724,35991855.648647144
725,7139686.0
726,10343888.0
727,116800000.0
728,1835800000.0
729,54000000.0
730,300927906.0
731,112746835.0
732,108673851.00115372
733,45640000.0
734,50000000000.34148
735,3542.0
736,1100.0
737,20429008.0
738,5200000.0
739,157096.0
740,10050000.0
741,1142810.0
742,122385124.02867505
743,32538473.0
744,114848510.0
745,3000000.0
746,55007682.0
747,23600000.0
748,186615460.95026347
749,33003688700.0
750,102000000.0
751,1050105.010255542
752,1020102.0099625264
753,929376.9376931385
754,555672.0
755,326000037.0
756,110983079.0
757,1020000.0
758,1329120000.0
759,51900000.0
760,1000500000.0
761,210000000.0
762,2898720.0
763,31000000.0
764,117428169.0
765,573230000.0
766,123689999.00296454
767,466321250.0
768,10000000.0
769,207068837.0
770,100100000.0
771,43000046.0
772,106045437.0
773,223041648.0
774,1137405.0
775,1515698338.009705
776,1020000.0
777,25450000.0
778,725000000.0
779,52500000.0
780,53069632.0
781,3683523531.0
782,1010000.0
783,256301847.00756553
784,11400100.00975919
785,870000.0
786,8253384.00053331
787,0.002549069452725076
788,140000.0
789,76908643.0
790,0.00193826878149668
791,2000000.0
792,54937930.0
793,202291932.90245748
794,100004.00059688708
795,118530567.0
796,53560000.0
797,102000000.0
798,350000.0
799,1135501.0
800,5529496584.094296
801,1713900000.0
802,3473743383.2525883
803,1000000000.0
804,1142900000.0
805,1135500.0
806,100307.0
807,10000.0
808,449910108.0
809,1020000.0
810,1142809.0
811,100004.00059688708
812,90004500.44106176
813,482048204.6128034
814,295386776.0
815,10000000.0
816,20000000.0
817,780745894.2326298
818,121770941.0
819,1040416.1038161187
820,442561431.04690665
821,55000000.0
822,360000.0
823,50802417.0
824,53759798.0
825,175619999.00287557
826,238782210.0
827,6000000.0
828,300000000.0
829,65000000.0
830,100004.00059688708
831,102002909.0
832,1135139.0
833,30243517.0
834,322360000.0
835,86000000.0
836,1140087.0
837,62570130.241548404
838,66506650.653321095
839,202000000.0466589
840,3845418.0
841,1758000000.0
842,171367692.0
843,201207984.0
844,177117186.0
845,0.008844347030256472
846,2333671.0
847,276922662.0
848,0.002472977066964008
849,30193438.0
850,276948865.97628844
851,20100000.0
852,96620238.0
853,109710905.0
854,239862016.0
855,1422000000.0
856,1000900000.0
857,899662266.0
858,12000.60011984608
859,30540000.0
860,36448287.0
861,1040104.0102723457
862,14985943.0
863,52500000.0
864,1040000.0
865,2226114911.35482
866,1620000.0
867,29742223.0
868,100000000.0
869,110501650.0
870,467000000.0518261
871,2792779.277350046
872,139918650.0
873,111503802.0
874,76736840.0
875,1137419.0
876,1570008900.8701062
877,110826389.0
878,514054051.0219727
879,18776735.0
880,76262912.0
881,128500000.0
882,215900000.0
883,1042804821.0
884,80000.0
885,1020000.0
886,435227.0
887,453541099.8855697
888,225316155.0
889,273900000.0
890,110429617.00582562
891,1000000.0
892,59741587.14887967
893,50030000.0
894,467993217.0
895,119058552.35503238
896,113188574.00992447
897,13501350.132621687
898,107352000.20041808
899,2000000.0
900,23300000.0
901,100010000.0
902,100004.00059688708
903,160809154.18579298
904,403583914.0
905,19352.151583102535
906,1040416.1038161187
907,50000.0
908,227033684.0
909,106716971.0
910,124084756.0
911,277342852.2300347
912,65590473.0
913,520088531.0
914,110004998.45090064
915,15750100.009867104
916,1000100.0098474397
917,436414.0
918,1140439.0
919,2060000.0
920,211900000.0
921,1020000.0
922,853910271.0294944
923,61600000.0
924,20702070.203425523
925,34560337.0
926,1961604696.0
927,1135140.0
928,254182869.6508354
929,94829.0
930,30000.0
931,1106042208.0
932,12000000.0
933,1140092.0
934,18374309.0
935,225571022.0
936,471450018.0
937,3580774.0
938,10050000.0
939,11585735.0
940,1142493.0
941,6406698750.395598
942,9350442.0
943,1140852541.0498333
944,200100000.0
945,20702099999.01082
946,1140092.0
947,500000.0
948,100130000.0
949,11949244.0
950,10000000.0
951,100004.00059688708
952,10000000.0
953,3750000.0
954,100004.00059688708
955,238189614.0
956,150486250.0
957,13340100008.792307
958,11551155.113406606
959,20000000.0
960,36820644.0
961,100.0
962,1035978828.0
963,1020000.0
964,52000000.0
965,84500000.0
966,58330000.0
967,138385871.0
968,73058734.53139408
969,123231263.0
970,130330349.0
971,10050000.0
972,102979310.0
973,604019594.0
974,100004.00059688708
975,63000000.0
976,151330928.47939184
977,59957431.41455104
978,2510000.0
979,1020102.0100276243
980,1142810.0
981,103000000.0
982,125012501.23121332
983,136336229.05858088
984,5364535821.0
985,4847444.0
986,3000000.0
987,37031580.0
988,204030282.49878106
989,24055254.0
990,280492314.0
991,5500000.0
992,58130968.0
993,12790290.0
994,9041393.0
995,2591458709.147681
996,1051000000.0
997,2076000000.0
998,1712001.0
999,3300330.0324224806
1000,1385986623.0
1001,1040000.0
1002,106941080.00265878
1003,111243287.0
1004,11509000000.0
1005,204196801.0
1006,9868800.0
1007,60000.0
1008,1069050098.0191394
1009,16500099.968905723
1010,100004.00059688708
1011,1122478515.0
1012,113797415.01923765
1013,2000001.1952105253
1014,440000000.0
1015,1563031.0
1016,5500000.0
1017,120000000.0
1018,43000000.0
1019,1493000000.0
1020,100300000.0
1021,300000000.0000798
1022,1762047457.2927327
1023,1040000.0
1024,215001000.0
1025,182000000.0
1026,100004.00059688708
1027,987942719.0515006
1028,99004.00059688708
1029,1032143859.0
1030,11874206.513946746
1031,118104618.0
1032,22100000.0
1033,207467818.8868023
1034,10000.0
1035,5150132.0
1036,2403677.0
1037,717941827.1047851
1038,143112873.0
1039,810150000.0
1040,500000.0
1041,513820805.0
1042,1135501.0
1043,72529087.0
1044,100004.00059688708
1045,101009302.81946686
1046,177500000.0
1047,8477262.861376058
1048,1357041596.0
1049,167971949.0
1050,256175963.00028905
1051,33526039.45336645
1052,1.7469457122598255
1053,3606417823.0
1054,1148521254.0
1055,1180000.0
1056,351165584.0
1057,212428171.0
1058,1500000.0
1059,100000000.0
1060,6834585605.0
1061,1520152.0149829332
1062,107900000.0
1063,41848563.0
1064,47464623.0
1065,118365446.0
1066,10000000.0
1067,235300000.0
1068,1144094.0
1069,514161307.0
1070,1040000.0
1071,1020000.0
1072,100004.00059688708
1073,130000000.0
1074,289916100.0
1075,2148700000.0
1076,773723525.396676
1077,4785047.0
1078,78612532.0
1079,128634034.78697388
1080,83000000.0
1081,10060000.0
1082,1040000.0
1083,4200000.0
1084,0.004258981378896616
1085,265372007.82774955
1086,300000000.0
1087,15282483.0
1088,10150498.96743793
1089,403352428.0
1090,1040000.0
1091,1020000.0
1092,268702545.0
1093,329000000.0
1094,250000000.0
1095,380418434.326879
1096,1040000.0
1097,6250000.0
1098,660513086.003891
1099,1000560000.0
1100,346545959.0
1101,22162925.0
1102,6000100.0098243775
1103,441340064.0000955
1104,1040000.0
1105,55505550.54455877
1106,9000299.039575227
1107,306307968.08450216
1108,998220117.0
1109,540375.0
1110,162000000.0
1111,162195659.0
1112,24002400.239508584
1113,200510814.0
1114,1140439.0
1115,1040000.0
1116,110252527.00150555
1117,500000000.0
1118,276518226.0
1119,0.00032367668463866
1120,100004.00059688708
1121,100020465.0
1122,108000000.0
1123,1693017.0
1124,50201900.186226085
1125,46779446.0
1126,131275506.0
1127,39001800.269827515
1128,1040000.0
1129,100004.00059688708
1130,37003700.358316794
1131,100004.00059688708
1132,11000000.0
1133,941174181.1946552
1134,50486250.0
1135,1010021695.0
1136,118393418.0
1137,192991545.0
1138,135730635.0
1139,71304200.0
1140,38000000.0
1141,2314217.1359928683
1142,2000000.0
1143,243986899.0
1144,3492039944.097724
1145,100006.00079588818
1146,7051017857.0
1147,302000224.7997095
1148,53500000.0
1149,5153770.0
1150,2131553021.0
1151,48649359.0
1152,104000000.0
1153,130200000.0
1154,64000000.0
1155,450000.0
1156,1141143.0
1157,20002288.228108738
1158,10000000.0
1159,106235687.5677848
1160,473183062.0
1161,1138181.0
1162,23138277.0
1163,10050000.0
1164,9751615.0
1165,1140440.0
1166,105070749.0
1167,130000.0
1168,1020000.0
1169,94584760.0
1170,82867.0
1171,77302420.23403217
1172,0.00044532612079831
1173,217996416.63341588
1174,1135501.0
1175,1500000.0
1176,10000000.0
1177,1000000.0
1178,246190682.00386482
1179,211805504.0057413
1180,12001120.0
1181,124598579.85035749
1182,150486250.0
1183,1020000.0
1184,1020000.0
1185,134181511.0
1186,120301690.0848734
1187,2153355949.0
1188,7500000.0
1189,341918243.0
1190,1283451529.6532056
1191,5497140.0
1192,2659372861.0124784
1193,1137792.0
1194,20030534.0
1195,10000.0
1196,70575330.0
1197,166920975.0
1198,50486250.0
1199,11434153.0
1200,1138181.0
1201,1000.0
1202,12083621.297524266
1203,1075191933.0
1204,919081000.0
1205,457316716.0
1206,3968727456.526806
1207,14744100.0
1208,325955230.5117584
1209,54000000.0
1210,125704226.0
1211,1832588315.651373
1212,10700000.0
1213,100000.0
1214,692000000.0
1215,60255929.93501151
1216,2544511.0
1217,60808687.0
1218,10429170.0
1219,6386569750.0
1220,150485000.0
1221,1140093.0
1222,11362076.0
1223,1040000.0
1224,235900000.0
1225,87000500.04833443
1226,29772229.0
1227,51906182.0
1228,15000000.0
1229,97095314.0
1230,2225573631.0
1231,10018530.0
1232,211737932.0
1233,457841480.2333439
1234,25002500.244566754
1235,140000.0
1236,1138183.0
1237,2120000000.0
1238,3461366329.0
1239,1440000.0
1240,96282914.0
1241,780959786.8763592
1242,23219301.0
1243,1219954138.0
1244,2950010.000990183
1245,340000.0
1246,1050105.0103225545
1247,11588081.0
1248,57210130.23072052
1249,24204963.0
1250,116016298.0
1251,20468032.0
1252,75000000.0
1253,205000000.0
1254,201300000.0
1255,10000000.0
1256,639180925.1935624
1257,147967524.05720693
1258,1137787.0
1259,1013000000.0
1260,1000000.0
1261,45986639.0
1262,3200000.0
1263,1010000.000190425
1264,448000000.0
1265,435778491.5005312
1266,16000000.0
1267,480000000.0
1268,102400000.0
1269,100004.00059688708
1270,56700000.0
1271,7026979.0
1272,189994830.2852521
1273,167000000.0
1274,100000000.0
1275,100004.00059688708
1276,193873342.0
1277,100743301.0
1278,1117128998.0439892
1279,139909733.0
1280,1020000.0
1281,60150000.0
1282,135228638.0
1283,113707143.01238911
1284,100004.00059688708
1285,880010000.971849
1286,1010000.0
1287,5180000000.014534
1288,680509181.7571912
1289,1142493.0
1290,14564698.277262313
1291,6867669.0
1292,21000000.0
1293,104530298.27260795
1294,0.003141529675574277
1295,147730718.0
1296,1037784265.684715
1297,6000000.0
1298,1137403.0
1299,2230550004.981803
1300,1020408.1018196548
1301,339978962.0
1302,123893385.0
1303,1483719.0
1304,412256732.0
1305,61644222.0
1306,10000100.0
1307,5000000.0
1308,128010054.0
1309,53005300.518793054
1310,110000000.0
1311,50015001.48948835
1312,90500000.0
1313,207123350.3257326
1314,20000000.0
1315,1345979332.0
1316,1138181.0
1317,2000.0
1318,125221075.0
1319,40000000.0
1320,120050099.0
1321,1144093.0
1322,1000000.0
1323,1201653.0
1324,300822918.0
1325,15000000.0
1326,1135500.0
1327,79001200.11787024
1328,1020408.1018196548
1329,135000000.0
1330,97029403.0
1331,1110222.03322177
1332,100004.00059688708
1333,350000.0
1334,1061635.1632582764
1335,1041300908.0
1336,164281162.15337163
1337,400000.0
1338,100006.00079588818
1339,200000000.0
1340,183992500.0
1341,10006795.0
1342,120561213.19433168
1343,27702770.26845266
1344,659599999.0982786
1345,276828175.0
1346,33489765.0
1347,416995623.0
1348,336370806.0
1349,1137791.0
1350,187713041.0052012
1351,100004.00059688708
1352,1040000.0
1353,30848050.0
1354,111066136.68929002
1355,1176746677.0
1356,10050000.0
1357,53930000.0
1358,829413080.0
1359,7860184248.0
1360,100100000.0
1361,780387.0
1362,4905290.528331528
1363,382352877.0684265
1364,1135140.0
1365,100100000.0
1366,24858029.0
1367,600000.0
1368,863610411.0
1369,1137403.0
1370,1000.0
1371,1040000.0
1372,104000000.0
1373,451984970.4150449
1374,0.00847594950743331
1375,530366555.0
1376,47969223.0
1377,22732365.0
1378,2068790.0
1379,200402200.21498805
1380,200366692.0
1381,65240018.03464928
1382,11093317.659631554
1383,6118007.001296937
1384,4151044811.0
1385,281579216.0
1386,138404000.39592397
1387,7400000000.0
1388,1620091409.019448
1389,202704953.78015572
1390,1141141.0
1391,79007900.77723835
1392,20000000.0
1393,300004200.4242252
1394,1605950910.0
1395,33686067.6041116
1396,275282502.0
1397,5900000.0
1398,157235245.0
1399,27342712.0
1400,1140092.0
1401,400000.0
1402,6841539075.0
1403,20000.0
1404,568594.0
1405,103989599.04667377
1406,0.005565171495089362
1407,156029999.00025332
1408,26737061.0
1409,22000000.0
1410,74100000.0
1411,52500000.0
1412,250000000.0
1413,3000300.0294709452
1414,1137418.0
1415,10000000.0
1416,13266637706.0
1417,10000000.0
1418,182973856.41041413
1419,1140088.0
1420,294295571.0
1421,1050105.010255542
1422,1030000.0
1423,138792058.17297685
1424,1144092.0
1425,6000000.0
1426,512396822.9154019
1427,513825539.0
1428,0.028232181644136697
1429,3302829075.04709
1430,130000.0
1431,1142810.0
1432,28019700.00022493
1433,22848848.0
1434,1140092.0
1435,1630020001.9755619
1436,31546059.32381082
1437,6000000.0
1438,100004.00059688708
1439,164219203.0
1440,58002600.25338071
1441,93101428.14213026
1442,102000000.0
1443,340000.0
1444,438672500.0
1445,118765355.30379756
1446,10088230.0
1447,328005301.53535974
1448,69346065.00479573
1449,256513302.0
1450,400000.0
1451,3732484329.2307234
1452,70677123.0
1453,300110000.0
1454,99804.00059688708
1455,10135483.0
1456,1440000000.0
1457,117381608.00022449
1458,0.000300337503991967
1459,165886578.2039576
1460,21386435.0
1461,0.001607561752372151
1462,61506150.6026357
1463,1500150014.836189
1464,79737799.0
1465,101700000.0
1466,1138184.0
1467,232950474.48544842
1468,1020000.0
1469,639324405.8965436
1470,505321170.0
1471,31280000.0
1472,925500481.0
1473,1861690000.0
1474,130000.0
1475,320000000.0
1476,11079620.777109446
1477,1000100.0097578836
1478,100004.00059688708
1479,1040000.0
1480,2200000000.0
1481,14999971.0
1482,123518983.0
1483,51000000.0
1484,1030103.0101259343
1485,1170542.0001444512
1486,68200000.0
1487,364440969.0
1488,70000000.0
1489,400000.0
1490,370594333.0
1491,125525010.0
1492,1206709940.0103838
1493,1020000.0
1494,712600000.0
1495,1020000.0
1496,100000000.0
1497,19242820.0
1498,161791608.0
1499,1137788.0
1500,19662706.0
1501,45000000.0
1502,6514296044.372648
1503,61500000.0
1504,10000000.0
1505,0.000494393505385904
1506,1800000.0
1507,317749675.92161036
1508,21141483.0
1509,372015001.9812865
1510,100200000.0
1511,2230763071.0
1512,112103305.0
1513,10182036.303815527
1514,456621905.0
1515,1140439.0
1516,1137788.0
1517,1144094.0
1518,50360775.0
1519,78032719.47622345
1520,42538024.0
1521,500000000.0
1522,10650000.0
1523,83048649.0
1524,451685528.2499483
1525,1244000.0
1526,1030103.0101735732
1527,3040000000.0
1528,64313608.0
1529,652504210.0
1530,54048542.46512191
1531,1142492.0
1532,11620111.01084382
1533,60382262.21345996
1534,100102510.24459831
1535,1079560292.1937773
1536,241253384.0
1537,45712001.0
1538,120590000.0
1539,1040000.0
1540,50142618.0
1541,176000000.0
1542,208302643.0
1543,640000000.0172236
1544,20200000.0
1545,246200000.0
1546,20000.0
1547,938817568.0040133
1548,649787721.0
1549,1020000.0
1550,123052297.19874027
1551,1012000.0
1552,68722451.0
1553,35000000.0
1554,105858831.0
1555,1020102.0100276243
1556,267922725.0
1557,80844516.0
1558,525052505.1426754
1559,6763498.0
1560,114000000.0
1561,202000000.0
1562,100004.00059688708
1563,152156068.0
1564,267600000.0
1565,55807864.0
1566,500000.0
1567,1030000.0
1568,49977750.0
1569,22165714.0
1570,900000.0
1571,344487720.76121813
1572,107000000.0
1573,208005399.63162136
1574,47567003.0024337
1575,552861.0
1576,10001168.0
1577,17123336.0
1578,330624899.8425491
1579,15800000.0
1580,1020000.0
1581,58146656.006541975
1582,1137786.0
1583,100010.00098243773
1584,100000000.0
1585,2370292.0
1586,2271238.0
1587,15250000.0
1588,53010066.0
1589,1020102.0100748006
1590,8978136.018101534
1591,400000.0
1592,109864928.46713565
1593,1020000.0
1594,1020102.0100276243
1595,170559385.0
1596,100004.00059688708
1597,868829241.5842098
1598,1020000.0
1599,0.008040941066284921
1600,150682198.0
1601,53441960.0
1602,20000000.0
1603,1140088.0
1604,50000000.0
1605,100004.00059688708
1606,128902179.0
1607,1000000.0
1608,53490000.0
1609,17000000.0
1610,1112793998.0
1611,0.000689799674138611
1612,57000000.0
1613,1040000.0
1614,3160543488.0
1615,412828550.0
1616,880000.0
1617,232420458.0
1618,102700653.40997164
1619,114729587.0
1620,1151090.0
1621,1040000.0
1622,10013180.0
1623,2362337432.626903
1624,143203611.0
1625,468182835.0
